City_ID,City,Country,Date,Lat,Lng,Max Temp,Humidity,Cloudiness,Wind Speed
0,Tura,IN,2021-11-28 00-58-00,25.5198,90.2201,58.98,74,38,3.13
1,Srandakan,ID,2021-11-28 00-58-01,-7.9386,110.2506,76.93,88,100,4.7
2,Port Alfred,ZA,2021-11-28 00-58-02,-33.5906,26.891,66.07,71,96,9.82
3,Kailua,US,2021-11-28 00-58-03,21.4022,-157.7394,80.58,69,0,6.64
4,Kodiak,US,2021-11-28 00-55-14,57.79,-152.4072,14.5,75,64,12.46
5,Payo,ID,2021-11-28 00-58-04,-3.7508,103.6372,73.99,73,100,1.86
6,Nipawin,CA,2021-11-28 00-58-04,53.3668,-104.0009,23.04,63,1,11.5
7,Qaanaaq,GL,2021-11-28 00-52-27,77.484,-69.3632,-0.54,98,98,1.9
8,Aparecida Do Taboado,BR,2021-11-28 00-58-05,-20.0867,-51.0936,81.03,49,57,2.64
9,Kaitangata,NZ,2021-11-28 00-56-28,-46.2817,169.8464,61.39,54,0,7.4
10,Butaritari,KI,2021-11-28 00-48-09,3.0707,172.7902,82.29,72,50,18.41
11,Xuddur,SO,2021-11-28 00-58-06,4.1213,43.8894,71.28,92,12,10.11
12,Labuhan,ID,2021-11-28 00-57-54,-6.8844,112.2051,79.59,77,100,9.78
13,Vaini,TO,2021-11-28 00-52-28,-21.2,-175.2,84.36,84,75,13.8
14,Acari,PE,2021-11-28 00-58-08,-15.4311,-74.6158,69.76,77,100,3.71
15,Dikson,RU,2021-11-28 00-52-15,73.5069,80.5464,-12.93,97,100,9.01
16,Pindushi,RU,2021-11-28 00-58-08,62.9152,34.58,15.53,88,100,8.23
17,Albany,US,2021-11-28 00-52-22,42.6001,-73.9662,27.25,66,5,8.95
18,Yanam,IN,2021-11-28 00-58-09,16.7333,82.2167,75.6,82,100,9.01
19,Ancud,CL,2021-11-28 00-58-09,-41.8697,-73.8203,54.93,73,12,9.4
20,Broken Hill,AU,2021-11-28 00-55-00,-31.95,141.4333,71.31,46,40,13.8
21,Bethel,US,2021-11-28 00-51-13,41.3712,-73.414,34.38,47,1,4.61
22,Yar-Sale,RU,2021-11-28 00-56-31,66.8333,70.8333,-0.27,96,92,10.51
23,Milici,BA,2021-11-28 00-57-03,44.1711,19.0903,42.17,90,100,3.98
24,Aloleng,PH,2021-11-28 00-58-10,16.1307,119.7824,84.47,65,52,10.69
25,Rikitea,PF,2021-11-28 00-52-13,-23.1203,-134.9692,76.6,73,24,15.68
26,Garachine,PA,2021-11-28 00-58-11,8.0647,-78.3628,78.3,86,100,2.01
27,Codrington,AU,2021-11-28 00-55-09,-38.2667,141.9667,65.59,52,0,9.73
28,Tasiilaq,GL,2021-11-28 00-58-11,65.6145,-37.6368,23.31,90,100,10.71
29,Upernavik,GL,2021-11-28 00-56-41,72.7868,-56.1549,2.17,96,48,8.55
30,Cape Town,ZA,2021-11-28 00-52-11,-33.9258,18.4232,63.01,94,75,16.11
31,East London,ZA,2021-11-28 00-52-15,-33.0153,27.9116,63.46,90,6,4.92
32,Ushuaia,AR,2021-11-28 00-48-39,-54.8,-68.3,51.46,43,20,10.36
33,Nyurba,RU,2021-11-28 00-58-12,63.2842,118.3319,-2.27,92,97,9.19
34,Vigrestad,NO,2021-11-28 00-58-13,58.5667,5.7,28.08,73,75,4.88
35,Zyryanka,RU,2021-11-28 00-58-13,65.75,150.85,-37.19,100,37,2.17
36,Lucapa,AO,2021-11-28 00-58-14,-8.4192,20.7447,64.9,97,100,1.25
37,Aleksandrovka,UA,2021-11-28 00-58-15,46.8383,32.7612,46.9,90,0,6.98
38,Airai,TL,2021-11-28 00-58-15,-8.9266,125.4092,73.33,61,100,0.96
39,Brewster,US,2021-11-28 00-58-15,41.3973,-73.6171,29.48,65,8,8.43
40,Njeru,UG,2021-11-28 00-58-16,0.4186,33.1731,63.1,92,99,1.61
41,Hithadhoo,MV,2021-11-28 00-51-09,-0.6,73.0833,81.68,71,97,17.2
42,Robertsonpet,IN,2021-11-28 00-58-17,12.9667,78.2833,68.72,95,100,5.37
43,Mar Del Plata,AR,2021-11-28 00-53-08,-38.0023,-57.5575,62.62,88,0,16.11
44,Norman Wells,CA,2021-11-28 00-58-18,65.282,-126.8329,-21.96,76,20,4.61
45,Axim,GH,2021-11-28 00-59-19,4.8699,-2.2405,78.62,82,66,5.64
46,Abu Samrah,SY,2021-11-28 00-59-21,35.3029,37.1841,59.58,52,100,2.46
47,Petropavlovsk-Kamchatskiy,RU,2021-11-28 00-59-21,53.0452,158.6483,21.79,54,0,8.95
48,Nizhniy Kuranakh,RU,2021-11-28 00-59-22,58.8353,125.4869,1.89,90,100,7.61
49,Cidreira,BR,2021-11-28 00-57-43,-30.1811,-50.2056,69.48,94,100,7.94
50,New Norfolk,AU,2021-11-28 00-59-23,-42.7826,147.0587,65.7,38,0,2.71
51,Hilo,US,2021-11-28 00-56-30,19.7297,-155.09,75.02,79,41,3.56
52,Victoria,HK,2021-11-28 00-49-09,22.2855,114.1577,69.85,51,72,7.2
53,Avera,US,2021-11-28 00-59-24,33.194,-82.5271,47.71,38,100,6.93
54,Talara,PE,2021-11-28 00-59-24,-4.5772,-81.2719,66.54,84,99,10.42
55,Erice,IT,2021-11-28 00-59-25,38.037,12.5865,50.47,70,100,15.41
56,Steenwijk,NL,2021-11-28 00-59-25,52.7875,6.1208,35.58,96,100,1.43
57,Ciudad Arce,SV,2021-11-28 00-59-25,13.8403,-89.4472,67.14,81,5,3.47
58,Atar,MR,2021-11-28 00-59-26,20.5169,-13.0499,67.82,28,93,14.5
59,Nome,US,2021-11-28 00-59-10,64.5011,-165.4064,-16.69,99,28,4.45
60,Chapais,CA,2021-11-28 00-59-27,49.7834,-74.8492,19.18,83,100,14.63
61,Saskylakh,RU,2021-11-28 00-59-28,71.9167,114.0833,-3.87,93,98,10.27
62,Boyolangu,ID,2021-11-28 00-59-28,-8.1181,111.8935,74.46,91,100,1.9
63,Berlevag,NO,2021-11-28 00-59-28,70.8578,29.0864,19.45,86,46,15.26
64,Atuona,PF,2021-11-28 00-53-40,-9.8,-139.0333,78.53,72,99,19.39
65,Vardo,NO,2021-11-28 00-55-11,70.3705,31.1107,24.62,77,43,13.49
66,Yerofey Pavlovich,RU,2021-11-28 00-59-29,53.9667,121.9667,11.43,72,100,3.33
67,Busselton,AU,2021-11-28 00-52-17,-33.65,115.3333,79.86,43,25,4.76
68,Mataura,NZ,2021-11-28 00-49-21,-46.1927,168.8643,68.74,29,0,2.21
69,Abha,SA,2021-11-28 00-59-29,18.2164,42.5053,55.22,47,0,0.0
70,Mahebourg,MU,2021-11-28 00-53-36,-20.4081,57.7,71.89,88,20,4.61
71,Tabalosos,PE,2021-11-28 00-59-30,-6.35,-76.6833,77.2,92,96,3.89
72,Batagay-Alyta,RU,2021-11-28 00-55-13,67.8006,130.4114,-3.1,96,100,3.51
73,Presidencia Roque Saenz Pena,AR,2021-11-28 00-56-24,-26.7852,-60.4388,76.93,43,100,8.23
74,Mbuji-Mayi,CD,2021-11-28 00-57-02,-6.15,23.6,68.67,96,100,1.68
75,Puerto Ayora,EC,2021-11-28 00-55-14,-0.7393,-90.3518,68.85,80,98,8.7
76,Mao,ES,2021-11-28 00-59-31,39.8885,4.2658,45.16,93,75,6.91
77,Richards Bay,ZA,2021-11-28 00-59-31,-28.783,32.0377,65.7,78,16,17.6
78,Mahibadhoo,MV,2021-11-28 00-59-32,3.7833,72.9667,81.63,73,100,16.89
79,Cayenne,GF,2021-11-28 00-59-32,4.9333,-52.3333,80.64,83,20,3.44
80,Longyearbyen,SJ,2021-11-28 00-56-21,78.2186,15.6401,12.04,67,40,23.02
81,Nikolskoye,RU,2021-11-28 00-52-00,59.7035,30.7861,28.29,89,100,11.86
82,Georgetown,MY,2021-11-28 00-58-58,5.4112,100.3354,80.53,89,20,0.0
83,Chowchilla,US,2021-11-28 00-59-33,37.123,-120.2602,59.11,38,0,3.87
84,Bluff,NZ,2021-11-28 00-59-33,-46.6,168.3333,54.39,55,1,5.68
85,Severo-Yeniseyskiy,RU,2021-11-28 00-59-34,60.3725,93.0408,9.57,95,100,4.18
86,Tak Bai,TH,2021-11-28 00-59-34,6.2595,102.0546,77.04,87,100,5.12
87,Alice Springs,AU,2021-11-28 00-58-39,-23.7,133.8833,74.75,29,1,12.66
88,Lima,PE,2021-11-28 00-55-40,-12.0432,-77.0282,64.65,77,40,14.97
89,Saint George,US,2021-11-28 00-57-07,37.1041,-113.5841,59.47,24,0,2.71
90,Biak,ID,2021-11-28 00-59-35,-0.9131,122.8766,81.41,75,88,3.06
91,Pangkalanbuun,ID,2021-11-28 01-00-36,-2.6833,111.6167,76.06,95,100,4.25
92,Leningradskiy,RU,2021-11-28 00-55-03,69.3833,178.4167,-19.93,90,8,9.51
93,Sitka,US,2021-11-28 00-55-03,57.0531,-135.33,35.49,87,90,5.75
94,Tiksi,RU,2021-11-28 00-53-35,71.6872,128.8694,-7.64,96,100,6.82
95,Biu,NG,2021-11-28 01-00-36,10.6129,12.1946,70.05,20,9,7.02
96,Ucluelet,CA,2021-11-28 00-57-50,48.9329,-125.5528,50.31,93,100,13.2
97,Gat,IL,2021-11-28 01-00-37,31.61,34.7642,56.08,40,35,3.65
98,San-Pedro,CI,2021-11-28 00-57-56,4.7485,-6.6363,78.46,86,8,5.79
99,Solnechnyy,RU,2021-11-28 01-00-38,50.7214,136.6319,17.24,82,63,5.35
100,Atasu,KZ,2021-11-28 01-00-38,48.6814,71.6433,7.3,86,13,5.3
101,Aklavik,CA,2021-11-28 01-00-39,68.2191,-135.0107,-11.2,83,100,17.43
102,North Bend,US,2021-11-28 01-00-39,43.4065,-124.2243,58.24,95,100,8.97
103,Beziers,FR,2021-11-28 01-00-40,43.3476,3.219,40.48,75,75,12.66
104,Kapaa,US,2021-11-28 01-00-40,22.0752,-159.319,76.15,70,1,10.6
105,Kazerun,IR,2021-11-28 00-54-59,29.6195,51.6541,58.08,52,0,1.39
106,Olafsvik,IS,2021-11-28 01-00-41,64.8945,-23.7142,38.66,91,100,7.02
107,Hualmay,PE,2021-11-28 01-00-42,-11.0964,-77.6139,66.47,84,100,9.33
108,Dasoguz,TM,2021-11-28 01-00-42,41.8363,59.9666,23.11,39,67,6.96
109,Punta Arenas,CL,2021-11-28 00-52-22,-53.15,-70.9167,53.71,54,75,6.91
110,Guerrero Negro,MX,2021-11-28 01-00-43,27.9769,-114.0611,67.66,63,0,11.9
111,Hobart,AU,2021-11-28 00-57-26,-42.8794,147.3294,66.06,45,20,9.22
112,Emet,TR,2021-11-28 01-00-44,39.343,29.2585,51.84,80,100,10.78
113,Ingham,US,2021-11-28 00-56-18,42.6,-84.3833,29.97,93,90,0.0
114,Pangnirtung,CA,2021-11-28 01-00-45,66.1451,-65.7125,16.48,77,100,7.27
115,Taoudenni,ML,2021-11-28 00-56-21,22.6783,-3.9836,68.63,31,2,14.45
116,Imbituba,BR,2021-11-28 01-00-45,-28.24,-48.6703,69.55,92,69,9.08
117,Chokurdakh,RU,2021-11-28 00-55-10,70.6333,147.9167,-31.68,99,100,0.58
118,Sorland,NO,2021-11-28 01-00-46,67.667,12.6934,35.58,70,100,25.66
119,Tamandare,BR,2021-11-28 01-00-47,-8.7597,-35.1047,79.32,75,100,10.25
120,Kankakee,US,2021-11-28 01-00-48,41.15,-87.8667,41.05,100,1,3.44
121,Klaksvik,FO,2021-11-28 01-00-48,62.2266,-6.589,25.72,66,98,9.17
122,Saint-Philippe,RE,2021-11-28 00-56-40,-21.3585,55.7679,76.59,83,80,5.12
123,Hofn,IS,2021-11-28 01-00-48,64.2539,-15.2082,34.03,62,100,21.97
124,Port Elizabeth,ZA,2021-11-28 00-55-06,-33.918,25.5701,62.89,72,0,6.91
125,Clyde River,CA,2021-11-28 00-55-13,70.4692,-68.5914,-8.73,99,97,5.93
126,Chara,RU,2021-11-28 01-00-49,56.9064,118.2631,-11.72,79,3,1.63
127,Porto Novo,BJ,2021-11-28 00-52-17,6.4965,2.6036,82.22,83,100,5.21
128,Ribeira Grande,PT,2021-11-28 01-00-50,38.5167,-28.7,61.83,64,95,8.37
129,Hermanus,ZA,2021-11-28 00-52-09,-34.4187,19.2345,64.56,83,96,16.8
130,Pleasanton,US,2021-11-28 01-00-50,37.6624,-121.8747,66.94,47,16,2.64
131,Insar,RU,2021-11-28 01-00-50,53.8653,44.3738,33.98,97,100,17.13
132,Castro,BR,2021-11-28 00-53-33,-24.7911,-50.0119,63.73,75,1,0.78
133,Jamestown,US,2021-11-28 00-54-57,42.097,-79.2353,28.04,93,90,6.91
134,Novo Horizonte,BR,2021-11-28 01-00-51,-21.4681,-49.2208,73.67,46,0,4.18
135,Roald,NO,2021-11-28 00-53-51,62.5833,6.1333,24.94,80,8,11.5
136,Itarema,BR,2021-11-28 01-00-52,-2.9248,-39.9167,80.24,80,82,13.31
137,Henties Bay,NA,2021-11-28 00-58-53,-22.116,14.2845,57.97,89,0,6.87
138,Cherskiy,RU,2021-11-28 00-57-53,68.75,161.3,-25.04,92,22,3.27
139,Avarua,CK,2021-11-28 00-57-50,-21.2078,-159.775,73.45,100,75,2.3
140,Pisco,PE,2021-11-28 01-01-52,-13.7,-76.2167,66.45,80,100,1.95
141,Peniche,PT,2021-11-28 01-01-53,39.3558,-9.3811,45.88,62,30,24.02
142,Hovd,MN,2021-11-28 01-01-53,48.0056,91.6419,13.78,30,10,2.89
143,Kahului,US,2021-11-28 01-01-53,20.8947,-156.47,75.06,70,43,4.56
144,Egvekinot,RU,2021-11-28 01-01-54,66.3167,-179.1667,-16.08,84,0,4.97
145,Provideniya,RU,2021-11-28 01-00-43,64.3833,-173.3,-4.68,82,11,6.44
146,Yellowknife,CA,2021-11-28 00-50-16,62.456,-114.3525,-10.68,77,20,5.75
147,Orotukan,RU,2021-11-28 01-01-54,62.2667,151.7,-21.37,83,9,2.33
148,Tuktoyaktuk,CA,2021-11-28 01-01-55,69.4541,-133.0374,-6.09,96,100,16.82
149,Eganville,CA,2021-11-28 01-01-55,45.5334,-77.0994,20.28,70,5,5.23
150,Salalah,OM,2021-11-28 01-01-56,17.0151,54.0924,74.86,36,7,4.34
151,Rawson,AR,2021-11-28 01-01-43,-43.3002,-65.1023,57.78,75,0,10.29
152,Huarmey,PE,2021-11-28 01-01-56,-10.0681,-78.1522,67.03,83,100,9.35
153,Pevek,RU,2021-11-28 00-52-26,69.7008,170.3133,-12.59,83,5,4.25
154,Weston,US,2021-11-28 00-57-58,26.1004,-80.3998,66.22,63,8,7.49
155,Constitucion,CL,2021-11-28 01-01-21,-35.3333,-72.4167,52.09,88,0,14.16
156,Barrow,US,2021-11-28 00-59-01,71.2906,-156.7887,-12.12,99,100,7.87
157,Katsuura,JP,2021-11-28 00-59-56,35.1333,140.3,51.91,48,0,13.67
158,Saint-Denis,FR,2021-11-28 01-01-58,48.9167,2.3333,41.77,89,90,10.36
159,Vila Velha,BR,2021-11-28 01-00-22,-20.3297,-40.2925,72.39,80,32,10.11
160,Thompson,CA,2021-11-28 01-00-17,55.7435,-97.8558,16.14,82,34,12.1
161,Hami,CN,2021-11-28 00-57-42,42.8,93.45,24.22,72,78,10.42
162,Rincon,US,2021-11-28 00-56-26,32.296,-81.2354,43.25,74,63,3.91
163,Yumen,CN,2021-11-28 01-01-59,40.2833,97.2,24.48,48,100,21.39
164,Torbay,CA,2021-11-28 00-49-59,47.6666,-52.7314,50.77,93,90,11.5
165,Bud,US,2021-11-28 01-02-00,39.447,-86.1758,44.69,69,100,10.33
166,Makakilo City,US,2021-11-28 00-53-43,21.3469,-158.0858,79.12,64,90,8.05
167,Kampene,CD,2021-11-28 01-02-00,-3.6,26.6667,66.7,100,97,1.68
168,Lagoa,PT,2021-11-28 00-52-19,39.05,-27.9833,61.14,62,89,9.4
169,Pingliang,CN,2021-11-28 01-02-01,35.5392,106.6861,38.14,83,8,0.67
170,Shima,CN,2021-11-28 01-02-01,24.4478,117.8111,67.14,62,37,5.66
171,Oskemen,KZ,2021-11-28 01-02-02,49.9565,82.6119,15.76,67,18,0.0
172,Lubsko,PL,2021-11-28 01-02-02,51.7847,14.972,33.57,88,99,8.41
173,Lebu,CL,2021-11-28 00-56-40,-37.6167,-73.65,52.57,78,0,17.31
174,Red Bank,US,2021-11-28 01-02-03,40.3471,-74.0643,37.22,51,1,3.44
175,Kouroussa,GN,2021-11-28 01-02-03,10.65,-9.8833,74.8,39,45,1.36
176,Gamovo,RU,2021-11-28 01-02-04,57.8652,56.1056,31.62,74,90,13.42
177,Mildura,AU,2021-11-28 01-01-04,-34.2,142.15,76.03,32,5,12.48
178,Chikitigarh,IN,2021-11-28 01-02-04,19.2,84.6167,69.71,88,30,3.89
179,Victor Harbor,AU,2021-11-28 01-02-04,-35.5667,138.6167,69.89,51,0,7.02
180,Bredasdorp,ZA,2021-11-28 00-53-41,-34.5322,20.0403,64.98,72,42,14.85
181,Vanavara,RU,2021-11-28 01-02-05,60.34,102.2797,5.65,95,97,5.48
182,Bengkulu,ID,2021-11-28 00-55-29,-3.8004,102.2655,78.24,82,99,3.53
183,Batagay,RU,2021-11-28 01-02-05,67.6333,134.6333,-7.67,100,100,2.17
184,Isla Aguada,MX,2021-11-28 01-03-06,18.7833,-91.4667,76.93,72,88,5.99
185,Santa Rosa,PH,2021-11-28 00-59-31,14.3122,121.1114,82.38,89,100,6.87
186,Geraldton,AU,2021-11-28 01-03-06,-28.7667,114.6,88.21,18,0,5.75
187,Mpanda,TZ,2021-11-28 01-03-07,-6.3655,31.0409,65.1,86,45,1.12
188,Zemio,CF,2021-11-28 01-03-07,5.0314,25.1361,69.31,42,82,1.52
189,Meulaboh,ID,2021-11-28 01-03-07,4.1363,96.1285,77.43,88,82,7.81
190,Harlingen,US,2021-11-28 01-03-08,26.1906,-97.6961,55.58,82,90,13.8
191,Handan,CN,2021-11-28 01-03-09,36.6006,114.4678,47.77,63,100,6.87
192,Husum,DE,2021-11-28 01-03-09,54.4858,9.0524,39.09,97,100,7.34
193,Warrnambool,AU,2021-11-28 01-03-09,-38.3833,142.4833,62.78,60,0,12.82
194,Punta Gorda,US,2021-11-28 01-03-10,26.9298,-82.0454,62.64,67,1,0.0
195,Ugoofaaru,MV,2021-11-28 01-03-10,5.6667,73.0,81.19,78,100,14.43
196,Ambilobe,MG,2021-11-28 01-03-10,-13.2,49.05,74.48,91,27,2.59
197,Srednekolymsk,RU,2021-11-28 01-03-11,67.45,153.6833,-38.4,100,39,2.51
198,Shenjiamen,CN,2021-11-28 01-03-11,29.9576,122.298,62.15,68,100,14.05
199,Sturgis,US,2021-11-28 01-03-11,41.7992,-85.4192,35.44,100,90,0.0
200,Namie,JP,2021-11-28 01-03-12,37.4833,141.0,49.24,59,9,13.24
201,Camana,PE,2021-11-28 01-03-12,-16.6228,-72.7111,66.69,84,59,6.98
202,Wajima,JP,2021-11-28 01-03-12,37.4,136.9,48.65,53,26,7.76
203,Djambala,CG,2021-11-28 01-03-13,-2.5447,14.7533,66.27,94,96,2.59
204,San Quintin,MX,2021-11-28 01-03-13,30.4833,-115.95,63.46,66,0,3.31
205,Sambava,MG,2021-11-28 00-53-37,-14.2667,50.1667,74.82,86,10,3.76
206,Tazovskiy,RU,2021-11-28 00-55-08,67.4667,78.7,1.06,96,100,6.76
207,Nanyang,CN,2021-11-28 01-03-14,32.9947,112.5328,50.49,51,100,6.69
208,Sibu,MY,2021-11-28 01-03-14,2.3,111.8167,80.33,80,96,3.51
209,Jumla,NP,2021-11-28 01-03-15,29.2747,82.1838,37.4,36,0,4.38
210,Port Lincoln,AU,2021-11-28 00-56-29,-34.7333,135.8667,64.89,64,0,9.35
211,Aykhal,RU,2021-11-28 00-57-54,66.0,111.5,-9.81,95,100,12.15
212,Kavieng,PG,2021-11-28 00-58-55,-2.5744,150.7967,84.25,67,97,2.53
213,Faanui,PF,2021-11-28 00-52-01,-16.4833,-151.75,81.37,73,17,17.85
214,Karratha,AU,2021-11-28 00-53-48,-20.7377,116.8463,93.88,18,0,25.77
215,Husavik,IS,2021-11-28 01-03-16,66.0449,-17.3389,26.04,86,100,5.01
216,Arys,KZ,2021-11-28 01-03-16,42.4252,68.795,28.62,52,6,3.02
217,San Buenaventura,MX,2021-11-28 01-03-16,27.0833,-101.5333,59.31,53,81,2.77
218,Floro,NO,2021-11-28 01-03-10,61.5996,5.0328,28.36,74,1,9.22
219,Gamba,GA,2021-11-28 01-03-17,-2.65,10.0,76.42,88,100,2.13
220,Uvat,RU,2021-11-28 01-03-17,59.1433,68.8953,22.66,94,96,9.69
221,Kasongo-Lunda,CD,2021-11-28 01-03-18,-6.4667,16.8167,68.13,98,84,0.49
222,Fougamou,GA,2021-11-28 01-03-19,-1.2154,10.5838,72.48,98,100,0.78
223,Northam,GB,2021-11-28 01-03-19,51.0333,-4.2167,40.21,60,87,18.41
224,Garden City,US,2021-11-28 01-01-23,42.3256,-83.331,31.95,93,90,4.61
225,Malaya Purga,RU,2021-11-28 01-03-19,56.5567,53.0043,11.17,87,60,7.2
226,Flinders,AU,2021-11-28 01-03-20,-34.5833,150.8552,61.3,79,96,11.81
227,Tromso,NO,2021-11-28 01-03-20,69.6496,18.957,19.42,63,0,13.8
228,Riyadh,SA,2021-11-28 01-03-21,24.6877,46.7219,60.94,37,0,7.31
229,Muravlenko,RU,2021-11-28 01-03-21,63.7898,74.523,3.13,96,98,10.74
230,Casambalangan,PH,2021-11-28 01-03-21,18.3765,122.1274,78.64,87,100,13.47
231,Abu Dhabi,AE,2021-11-28 01-00-31,24.4667,54.3667,79.27,73,1,12.73
232,Port Macquarie,AU,2021-11-28 01-00-58,-31.4333,152.9167,64.36,78,100,10.49
233,Weymouth,US,2021-11-28 01-04-22,42.2209,-70.9398,33.78,53,1,18.41
234,Viedma,AR,2021-11-28 01-04-22,-40.8135,-62.9967,62.38,84,100,4.07
235,Carnarvon,AU,2021-11-28 01-04-23,-24.8667,113.6333,100.47,10,0,12.66
236,Diffa,NE,2021-11-28 01-04-23,13.3154,12.6113,72.19,29,31,9.04
237,Smithers,CA,2021-11-28 01-03-27,54.7804,-127.1743,28.8,97,98,2.77
238,Sur,OM,2021-11-28 01-04-24,22.5667,59.5289,74.39,50,34,5.03
239,Fukue,JP,2021-11-28 01-04-24,32.6881,128.8419,55.98,49,0,13.27
240,Bambous Virieux,MU,2021-11-28 01-00-13,-20.3428,57.7575,76.21,73,0,6.55
241,Tual,ID,2021-11-28 01-04-25,-5.6667,132.75,83.66,67,100,4.34
242,Tessalit,ML,2021-11-28 01-04-25,20.1986,1.0114,74.5,22,5,4.52
243,Najran,SA,2021-11-28 01-04-25,17.4924,44.1277,59.83,48,0,1.72
244,Erenhot,CN,2021-11-28 01-04-26,43.6475,111.9767,28.24,60,5,11.61
245,Arraial Do Cabo,BR,2021-11-28 00-56-20,-22.9661,-42.0278,71.87,92,91,9.71
246,Manadhoo,MV,2021-11-28 01-04-26,5.7667,73.3833,80.83,79,100,14.58
247,Zhigansk,RU,2021-11-28 01-04-27,66.7697,123.3711,-1.62,98,100,6.82
248,Meadow Lake,US,2021-11-28 01-00-17,34.8014,-106.5436,49.44,32,0,4.61
249,Poum,NC,2021-11-28 01-04-27,-20.2333,164.0167,80.76,75,4,9.69
250,Yangambi,CD,2021-11-28 01-04-27,0.8102,24.4336,68.94,98,100,2.01
251,Nortelandia,BR,2021-11-28 01-04-28,-14.4547,-56.8028,76.64,81,100,4.05
252,Sao Filipe,CV,2021-11-28 01-04-29,14.8961,-24.4956,77.16,73,9,12.77
253,Wasilla,US,2021-11-28 01-04-29,61.5814,-149.4394,2.35,75,1,0.0
254,Juazeiro,BR,2021-11-28 01-04-29,-9.4117,-40.4986,84.38,54,20,4.61
255,Lodeynoye Pole,RU,2021-11-28 01-04-30,60.726,33.5531,23.95,83,100,13.18
256,Grand Gaube,MU,2021-11-28 01-04-30,-20.0064,57.6608,72.0,71,0,8.75
257,Reconquista,AR,2021-11-28 01-04-31,-29.15,-59.65,74.12,58,100,5.55
258,Esperance,AU,2021-11-28 00-52-04,-33.8667,121.9,73.24,43,0,9.78
259,Rio Gallegos,AR,2021-11-28 01-00-54,-51.6226,-69.2181,49.3,68,100,24.9
260,Panguna,PG,2021-11-28 01-04-31,-6.3164,155.4848,80.26,65,100,3.27
261,Kloulklubed,PW,2021-11-28 01-02-52,7.0419,134.2556,84.7,74,100,15.14
262,Barreirinhas,BR,2021-11-28 01-04-32,-2.7469,-42.8264,79.7,83,19,8.25
263,Villazon,BO,2021-11-28 01-04-32,-22.0866,-65.5942,55.38,57,96,8.28
264,Methoni,GR,2021-11-28 01-04-33,36.8197,21.7049,49.86,74,4,14.76
265,Vicuna,CL,2021-11-28 01-00-17,-30.0319,-70.7081,67.03,56,0,1.16
266,Zhangye,CN,2021-11-28 01-04-33,38.9342,100.4517,24.62,47,100,3.18
267,Oksfjord,NO,2021-11-28 01-04-33,70.2396,22.3479,20.32,82,34,11.95
268,Lavrentiya,RU,2021-11-28 01-04-34,65.5833,-171.0,-10.7,94,6,7.7
269,Half Moon Bay,US,2021-11-28 01-00-18,37.4636,-122.4286,66.38,59,1,8.05
270,Ostrovnoy,RU,2021-11-28 00-57-46,68.0531,39.5131,9.37,88,89,8.61
271,Denpasar,ID,2021-11-28 01-01-26,-8.65,115.2167,80.26,89,75,5.75
272,Bontang,ID,2021-11-28 01-04-35,0.1333,117.5,79.57,88,100,7.14
273,Camacha,PT,2021-11-28 01-04-00,33.0833,-16.3333,60.22,77,40,13.8
274,Lavumisa,SZ,2021-11-28 01-04-35,-27.31,31.892,60.55,90,100,4.76
275,Myrtle Beach,US,2021-11-28 01-00-03,33.6891,-78.8867,41.27,46,52,7.43
276,Narsaq,GL,2021-11-28 01-03-12,60.9167,-46.05,39.42,100,100,1.77
277,General Pico,AR,2021-11-28 01-05-36,-35.6566,-63.7568,59.52,91,100,5.91
278,Omboue,GA,2021-11-28 01-05-37,-1.5746,9.2618,75.87,90,100,1.32
279,Yenagoa,NG,2021-11-28 01-05-37,4.9247,6.2642,75.63,92,84,4.16
280,Ipixuna,BR,2021-11-28 01-05-37,-1.7625,-48.8043,78.75,95,0,4.05
281,Yumbe,UG,2021-11-28 01-05-38,3.4651,31.2469,65.68,89,99,2.48
282,Nanakuli,US,2021-11-28 01-05-38,21.3906,-158.1547,82.35,62,90,5.75
283,Jerantut,MY,2021-11-28 01-05-38,3.936,102.3626,76.77,92,100,1.79
284,Slave Lake,CA,2021-11-28 01-05-39,55.2834,-114.769,28.81,79,99,11.99
285,Padang,ID,2021-11-28 01-05-39,-0.9492,100.3543,81.05,70,100,0.54
286,Angoche,MZ,2021-11-28 01-05-39,-16.2325,39.9086,75.74,67,92,14.52
287,Ranong,TH,2021-11-28 01-05-40,9.9658,98.6348,77.7,81,88,7.05
288,Yanaul,RU,2021-11-28 01-05-40,56.2719,54.9309,11.26,85,12,9.62
289,San Patricio,US,2021-11-28 01-05-41,28.017,-97.5169,55.26,83,100,9.04
290,Takoradi,GH,2021-11-28 01-02-59,4.8845,-1.7554,78.93,83,100,6.17
291,Brasileia,BR,2021-11-28 01-05-41,-11.0161,-68.7481,73.31,98,100,2.46
292,Altamont,US,2021-11-28 01-05-41,42.2068,-121.7372,51.64,71,75,0.0
293,Garbolovo,RU,2021-11-28 01-05-42,60.3413,30.4955,27.59,72,100,14.09
294,Puga,MX,2021-11-28 01-05-42,21.5833,-104.8167,68.07,82,90,0.0
295,Olinda,BR,2021-11-28 01-05-43,-8.0089,-34.8553,82.13,74,40,9.22
296,Tweed,CA,2021-11-28 01-05-43,44.4751,-77.3162,22.84,46,15,4.21
297,Ostersund,SE,2021-11-28 01-01-17,63.1792,14.6357,14.45,92,90,5.75
298,Chaman,PK,2021-11-28 01-05-43,30.9236,66.4512,43.02,38,1,2.1
299,Huangnihe,CN,2021-11-28 01-05-44,43.5583,128.0239,27.93,67,21,1.77
300,Pucallpa,PE,2021-11-28 01-05-44,-8.3791,-74.5539,86.04,70,40,2.3
301,Sulangan,PH,2021-11-28 00-56-26,11.1373,123.7228,82.33,80,100,11.07
302,Sterling,US,2021-11-28 01-03-13,39.0062,-77.4286,41.79,54,90,3.44
303,Waingapu,ID,2021-11-28 01-05-45,-9.6567,120.2641,81.03,81,100,3.51
304,Kalabo,ZM,2021-11-28 01-05-45,-14.97,22.6814,66.9,88,84,5.86
305,Brive-La-Gaillarde,FR,2021-11-28 01-05-45,45.25,1.5,37.2,96,100,6.62
306,Dosso,NE,2021-11-28 01-05-46,13.049,3.1937,76.75,14,100,8.86
307,Tevaitoa,PF,2021-11-28 01-05-46,-16.7833,-151.5,81.01,74,16,18.25
308,Bagepalli,IN,2021-11-28 01-05-46,13.7847,77.7931,68.34,92,100,6.71
309,Tucuman,AR,2021-11-28 01-05-47,-26.8241,-65.2226,74.61,81,98,4.0
310,Namibe,AO,2021-11-28 00-57-51,-15.1961,12.1522,67.73,74,100,6.62
311,Myronivka,UA,2021-11-28 01-05-47,49.6601,30.9823,40.87,87,6,0.69
312,Leninskoye,KZ,2021-11-28 01-05-48,41.7589,69.3864,28.33,26,7,3.02
313,Bandarbeyla,SO,2021-11-28 01-05-48,9.4942,50.8122,78.1,80,81,14.94
314,Caracollo,PE,2021-11-28 01-05-49,-14.9165,-70.6603,45.52,79,100,2.46
315,Port Hedland,AU,2021-11-28 01-03-20,-20.3167,118.5667,98.65,12,7,28.77
316,Walvis Bay,NA,2021-11-28 00-56-37,-22.9575,14.5053,52.75,93,4,5.75
317,Moose Factory,CA,2021-11-28 01-05-49,51.2585,-80.6094,7.45,98,62,2.59
318,Coxim,BR,2021-11-28 01-04-43,-18.5067,-54.76,82.04,67,78,4.12
319,Bathsheba,BB,2021-11-28 01-05-50,13.2167,-59.5167,81.21,78,40,14.97
320,Alofi,NU,2021-11-28 01-02-50,-19.0595,-169.9187,80.69,75,96,10.42
321,Namatanai,PG,2021-11-28 01-05-21,-3.6667,152.4333,84.56,68,95,2.59
322,Clovis,US,2021-11-28 01-06-50,36.8252,-119.7029,62.49,45,20,0.0
323,Omsukchan,RU,2021-11-28 01-06-51,62.5333,155.8,-16.69,97,69,4.16
324,Caravelas,BR,2021-11-28 01-06-51,-17.7125,-39.2481,72.81,92,100,6.53
325,Limbang,MY,2021-11-28 01-06-51,4.75,115.0,80.71,90,99,1.72
326,Kermanshah,IR,2021-11-28 01-06-52,34.3142,47.065,45.18,59,100,1.28
327,Port-Gentil,GA,2021-11-28 01-06-52,-0.7193,8.7815,77.76,86,100,7.2
328,Tanout,NE,2021-11-28 01-06-52,14.9709,8.8879,73.54,16,35,11.16
329,Calatagan,PH,2021-11-28 01-06-53,13.8833,120.65,81.79,78,90,13.51
330,Shelburne,CA,2021-11-28 01-05-57,44.0787,-80.2041,23.99,90,100,1.92
331,Coolum Beach,AU,2021-11-28 01-06-53,-26.5333,153.1,75.07,80,80,15.08
332,Inhambane,MZ,2021-11-28 01-06-54,-23.865,35.3833,67.69,69,1,8.25
333,Davila,PH,2021-11-28 01-06-54,18.4726,120.5763,82.69,73,78,17.22
334,Saint-Leu,RE,2021-11-28 01-06-54,-21.15,55.2833,76.06,85,78,3.11
335,San Juan,AR,2021-11-28 01-06-55,-31.5375,-68.5364,67.55,59,2,26.17
336,Weligama,LK,2021-11-28 01-06-55,5.9667,80.4167,75.76,90,88,4.0
337,Dordrecht,NL,2021-11-28 01-03-19,51.81,4.6736,39.22,89,100,2.08
338,Luderitz,NA,2021-11-28 01-06-56,-26.6481,15.1594,59.27,86,6,3.83
339,Granville,AU,2021-11-28 01-03-16,-33.8333,151.0167,64.51,63,75,19.57
340,Saint-Pierre,RE,2021-11-28 01-06-56,-21.3393,55.4781,76.68,78,90,4.61
341,Tres Lagoas,BR,2021-11-28 01-06-56,-20.7511,-51.6783,76.93,51,0,7.11
342,Witu,KE,2021-11-28 01-06-57,-2.3889,40.4382,75.36,89,100,4.16
343,Oranjemund,NA,2021-11-28 01-03-28,-28.55,16.4333,61.14,89,98,5.21
344,Mayumba,GA,2021-11-28 01-06-57,-3.432,10.6554,75.65,88,100,2.77
345,Newberg,US,2021-11-28 01-06-58,45.3001,-122.9732,62.71,91,90,16.11
346,Xinzhi,CN,2021-11-28 01-05-09,36.4989,111.7047,44.31,54,12,1.39
347,Road Town,VG,2021-11-28 01-06-58,18.4167,-64.6167,80.69,83,20,9.22
348,Ongandjera,NA,2021-11-28 01-03-22,-17.8833,15.0667,77.92,20,95,8.9
349,Hoi An,VN,2021-11-28 01-06-59,15.8794,108.335,73.36,92,100,21.25
350,Hearst,CA,2021-11-28 01-06-59,49.6835,-83.6665,14.74,84,94,3.91
351,Belmonte,BR,2021-11-28 01-06-59,-15.8631,-38.8828,70.3,91,100,0.89
352,Chumikan,RU,2021-11-28 01-07-00,54.7183,135.315,18.45,92,100,10.85
353,Blyznyuky,UA,2021-11-28 01-07-00,48.8578,36.5551,44.76,95,96,11.52
354,Yasnogorsk,RU,2021-11-28 01-07-00,54.4803,37.6975,36.95,98,100,13.94
355,Hoquiam,US,2021-11-28 01-07-01,46.9809,-123.8893,55.38,94,90,23.02
356,Vao,NC,2021-11-28 01-07-01,-22.6667,167.4833,74.93,86,100,20.22
357,Bilma,NE,2021-11-28 01-06-44,18.6853,12.9164,72.9,19,7,6.67
358,Katherine,AU,2021-11-28 01-07-02,-14.4667,132.2667,89.92,45,5,3.44
359,Paslek,PL,2021-11-28 01-07-02,54.0616,19.6593,32.85,90,92,6.49
360,Assen,NL,2021-11-28 01-07-02,52.9967,6.5625,40.86,100,90,3.44
361,Khatanga,RU,2021-11-28 01-04-35,71.9667,102.5,-8.36,93,100,13.15
362,Waw,SS,2021-11-28 01-07-03,7.7029,27.9953,77.07,31,9,2.37
363,Bambanglipuro,ID,2021-11-28 01-07-03,-7.95,110.2833,76.82,88,100,4.54
364,Meshchovsk,RU,2021-11-28 01-07-03,54.3244,35.2808,37.17,87,61,13.09
365,San Nicolas,PH,2021-11-28 01-07-04,18.1725,120.5953,83.97,65,86,6.71
366,Isangel,VU,2021-11-28 01-07-04,-19.55,169.2667,86.11,70,75,11.5
367,Sola,VU,2021-11-28 01-07-05,-13.8833,167.55,81.68,72,14,8.75
368,Talnakh,RU,2021-11-28 01-07-05,69.4865,88.3972,-0.98,97,100,7.85
369,Papetoai,PF,2021-11-28 01-07-05,-17.4961,-149.8729,83.79,74,8,16.62
370,Yulara,AU,2021-11-28 01-04-46,-25.2406,130.9889,76.84,23,0,12.66
371,Cabo San Lucas,MX,2021-11-28 01-06-31,22.8909,-109.9124,72.7,88,90,3.44
372,Ilulissat,GL,2021-11-28 01-08-06,69.2167,-51.1,23.02,63,100,13.8
373,Chase,CA,2021-11-28 01-08-06,50.8165,-119.6857,36.21,97,100,3.74
374,Belozerskoye,RU,2021-11-28 01-08-07,55.8214,65.5842,18.68,93,45,8.59
375,Soyo,AO,2021-11-28 01-04-15,-6.1349,12.3689,76.33,89,86,3.04
376,Bocaiuva,BR,2021-11-28 01-08-07,-17.1078,-43.815,66.7,97,100,4.16
377,Port Blair,IN,2021-11-28 01-08-08,11.6667,92.75,81.86,74,26,13.98
378,Saldanha,ZA,2021-11-28 01-08-08,-33.0117,17.9442,62.6,95,96,13.49
379,Sakakah,SA,2021-11-28 01-08-09,29.9697,40.2064,56.75,49,9,4.52
380,Barcelos,PT,2021-11-28 01-08-09,41.5388,-8.6151,39.34,84,7,5.79
381,Tatarbunary,UA,2021-11-28 01-08-09,45.8373,29.6142,47.93,81,5,4.07
382,Itoman,JP,2021-11-28 01-08-10,26.1247,127.6694,71.98,56,75,18.41
383,La Ronge,CA,2021-11-28 01-08-10,55.1001,-105.2842,16.3,92,44,5.91
384,Beringovskiy,RU,2021-11-28 01-08-10,63.05,179.3167,4.01,96,98,6.67
385,Pizarro,CO,2021-11-28 01-08-11,4.9533,-77.366,75.06,91,76,2.24
386,San Vicente,AR,2021-11-28 01-08-11,-26.6167,-54.1333,63.25,87,0,2.71
387,Carutapera,BR,2021-11-28 01-08-12,-1.195,-46.02,78.84,82,6,6.06
388,Grafton,US,2021-11-28 01-08-12,42.207,-71.6856,30.47,54,1,9.22
389,Ikeda,JP,2021-11-28 01-08-12,34.8221,135.4298,51.51,46,1,11.36
390,Christchurch,NZ,2021-11-28 01-03-22,-43.5333,172.6333,55.6,94,90,13.8
391,Dubbo,AU,2021-11-28 01-08-13,-32.25,148.6167,68.13,60,90,19.57
392,Bull Savanna,JM,2021-11-28 01-07-25,17.8868,-77.5902,74.55,78,80,2.84
393,Mmathubudukwane,BW,2021-11-28 01-08-14,-24.6,26.4333,61.56,73,53,10.31
394,Umm Lajj,SA,2021-11-28 01-08-14,25.0213,37.2685,78.82,52,0,9.6
395,Morena,IN,2021-11-28 01-08-14,26.4969,78.0,60.53,56,0,5.73
396,Aracuai,BR,2021-11-28 01-08-15,-16.8497,-42.0703,68.13,99,100,4.25
397,Lata,PT,2021-11-28 01-08-15,40.1629,-8.3327,41.0,76,23,3.83
398,Antalaha,MG,2021-11-28 01-08-16,-14.9003,50.2788,74.62,85,81,2.3
399,Marsabit,KE,2021-11-28 01-08-16,2.3284,37.9899,65.91,75,92,4.23
400,Necochea,AR,2021-11-28 01-08-17,-38.5473,-58.7368,59.31,95,100,12.75
401,Rabo De Peixe,PT,2021-11-28 01-08-17,37.8,-25.5833,58.51,72,75,5.75
402,Bardiyah,LY,2021-11-28 01-08-17,31.7561,25.0865,69.69,51,10,16.15
403,Gravdal,NO,2021-11-28 01-08-18,68.1214,13.5031,30.13,81,88,21.07
404,San Carlos De Bariloche,AR,2021-11-28 01-07-27,-41.1456,-71.3082,49.75,53,0,20.71
405,Sanlucar La Mayor,ES,2021-11-28 01-08-18,37.3871,-6.2011,45.01,50,0,11.79
406,La Libertad,EC,2021-11-28 01-08-19,-2.2333,-80.9,70.86,82,93,7.81
407,Iguai,BR,2021-11-28 01-08-19,-14.7564,-40.0892,69.69,98,100,5.37
408,Montepuez,MZ,2021-11-28 01-08-20,-13.1256,38.9997,67.64,69,92,7.14
409,Grindavik,IS,2021-11-28 01-08-20,63.8424,-22.4338,36.07,100,75,1.14
410,Ballina,AU,2021-11-28 01-08-20,-28.8667,153.5667,73.58,86,100,14.0
411,Chuy,UY,2021-11-28 01-06-53,-33.6971,-53.4616,67.03,86,100,8.81
412,Tongchuan,CN,2021-11-28 01-08-21,35.0806,109.0897,41.18,61,8,1.01
413,Paveh,IR,2021-11-28 01-08-21,35.0434,46.3565,43.41,55,100,1.45
414,Gardez,AF,2021-11-28 01-08-22,33.5974,69.2259,31.35,73,6,2.95
415,Saint-Augustin,CA,2021-11-28 01-09-22,51.226,-58.6502,43.59,80,17,14.99
416,Bubaque,GW,2021-11-28 01-09-22,11.2833,-15.8333,82.71,70,71,12.8
417,Puerto Escondido,MX,2021-11-28 01-09-23,15.85,-97.0667,83.23,69,20,0.0
418,Nouadhibou,MR,2021-11-28 01-09-23,20.931,-17.0347,67.66,61,1,22.32
419,Rio Grande,BR,2021-11-28 01-09-23,-32.035,-52.0986,68.4,90,95,9.48
420,Westport,US,2021-11-28 01-05-43,41.1415,-73.3579,37.15,51,1,4.61
421,Alta Floresta,BR,2021-11-28 01-09-24,-9.8756,-56.0861,72.36,96,97,3.27
422,Gayny,RU,2021-11-28 01-09-24,60.3071,54.3241,28.69,87,100,10.51
423,Beisfjord,NO,2021-11-28 01-09-25,68.3751,17.5988,17.65,79,2,8.59
424,Jatiroto,ID,2021-11-28 01-09-25,-7.8833,111.1167,74.68,92,100,3.87
425,Ojiya,JP,2021-11-28 01-09-25,37.3,138.8,46.53,70,91,6.35
426,South Venice,US,2021-11-28 01-09-26,27.0531,-82.4243,60.82,63,1,4.61
427,Saint-Georges,GD,2021-11-28 01-09-26,12.0564,-61.7485,79.52,84,32,10.63
428,Chicama,PE,2021-11-28 01-09-26,-7.8447,-79.1469,67.5,78,94,6.2
429,Sarakhs,IR,2021-11-28 01-09-27,36.5449,61.1577,46.87,44,8,4.59
430,Tiznit,MA,2021-11-28 01-09-27,29.5833,-9.5,50.9,75,0,11.88
431,Nago,JP,2021-11-28 01-09-27,26.5881,127.9761,72.03,56,100,21.41
432,Motala,SE,2021-11-28 01-09-28,58.5371,15.0365,31.77,69,100,14.67
433,Casablanca,MA,2021-11-28 01-09-28,33.5928,-7.6192,53.82,67,100,13.6
434,Umm Kaddadah,SD,2021-11-28 01-09-29,13.6017,26.6876,72.91,18,3,17.6
435,Rodrigues Alves,BR,2021-11-28 01-09-29,-7.738,-72.6509,74.82,92,100,1.19
436,Souillac,MU,2021-11-28 01-09-30,-20.5167,57.5167,71.98,88,20,5.75
437,San Isidro,PE,2021-11-28 01-09-30,-12.1167,-77.05,65.79,77,20,12.66
438,Nantucket,US,2021-11-28 01-06-31,41.2835,-70.0995,37.51,52,1,16.11
439,Fairbanks,US,2021-11-28 01-06-12,64.8378,-147.7164,-13.04,70,90,0.0
440,Inuvik,CA,2021-11-28 01-09-31,68.3499,-133.7218,-8.64,95,100,17.07
441,Reyes,BO,2021-11-28 01-09-31,-14.3167,-67.3833,78.87,74,100,5.77
442,Sao Francisco,BR,2021-11-28 01-09-31,-15.9486,-44.8644,69.58,97,98,4.29
443,Vanimo,PG,2021-11-28 01-09-32,-2.6741,141.3028,79.54,80,99,4.85
444,Lorengau,PG,2021-11-28 01-09-32,-2.0226,147.2712,85.33,66,100,4.03
445,Uyuni,BO,2021-11-28 01-05-24,-20.4597,-66.825,56.25,46,96,20.18
446,Tartagal,AR,2021-11-28 01-09-33,-22.5164,-63.8013,74.07,86,100,4.03
447,Emerald,AU,2021-11-28 01-09-33,-23.5333,148.1667,88.56,46,10,11.61
448,Tiarei,PF,2021-11-28 01-09-33,-17.5333,-149.3333,84.22,76,17,16.17
449,Comodoro Rivadavia,AR,2021-11-28 01-07-51,-45.8667,-67.5,58.86,36,0,9.22
450,Kolosovka,RU,2021-11-28 01-09-34,56.4678,73.611,20.01,93,99,12.19
451,Zhanaozen,KZ,2021-11-28 01-09-34,43.3,52.8,35.11,31,2,10.76
452,Bataszek,HU,2021-11-28 01-09-35,46.1937,18.7231,44.01,94,100,4.25
453,Tooele,US,2021-11-28 01-07-41,40.5308,-112.2983,37.47,86,1,0.0
454,Tezu,IN,2021-11-28 01-09-35,27.9167,96.1667,61.27,52,1,3.58
455,Campbeltown,GB,2021-11-28 01-09-36,55.4258,-5.6076,33.85,69,100,10.65
456,Toppenish,US,2021-11-28 01-09-36,46.3774,-120.3087,48.81,85,100,3.11
457,Mandalgovi,MN,2021-11-28 01-09-36,45.7625,106.2708,13.28,71,99,18.75
458,Buala,SB,2021-11-28 01-09-37,-8.145,159.5921,86.38,66,25,5.7
459,Otane,NZ,2021-11-28 01-09-37,-39.8833,176.6333,71.71,52,100,3.36
460,Saint-Francois,FR,2021-11-28 01-09-23,46.4154,3.9054,35.04,93,90,8.05
461,Voh,NC,2021-11-28 01-10-38,-20.9667,164.7,87.4,55,80,6.62
462,Crestview,US,2021-11-28 01-09-18,30.7621,-86.5705,54.99,77,1,0.0
463,Yangjiang,CN,2021-11-28 01-10-38,21.85,111.9667,66.92,50,100,6.89
464,Hervey Bay,AU,2021-11-28 01-10-39,-25.2986,152.8535,80.71,83,57,15.88
465,Steamboat Springs,US,2021-11-28 01-05-54,40.485,-106.8317,38.91,57,40,3.44
466,Fortuna,US,2021-11-28 01-10-39,40.5982,-124.1573,58.12,100,1,0.0
467,Byron Bay,AU,2021-11-28 01-10-39,-28.65,153.6167,75.15,87,95,12.37
468,Krasnoselkup,RU,2021-11-28 01-10-40,65.7,82.4667,5.9,95,100,9.69
469,Puerto Colombia,CO,2021-11-28 01-10-40,10.9878,-74.9547,80.69,83,33,15.28
470,Bridgetown,BB,2021-11-28 01-06-02,13.1,-59.6167,81.09,78,40,14.97
471,Sidi Ali,DZ,2021-11-28 01-10-41,36.0998,0.4206,50.99,54,100,20.0
472,Yakeshi,CN,2021-11-28 01-10-41,49.2833,120.7333,11.32,92,100,4.09
473,Baykit,RU,2021-11-28 01-10-41,61.67,96.37,-1.16,100,100,1.79
474,Aksha,RU,2021-11-28 01-10-42,50.2814,113.2867,16.09,66,100,13.04
475,Vostok,RU,2021-11-28 01-08-30,46.4856,135.8833,19.53,81,17,3.2
476,Keningau,MY,2021-11-28 01-10-42,5.3378,116.1602,81.05,90,98,0.02
477,Maungatapere,NZ,2021-11-28 01-10-43,-35.75,174.2,79.27,33,72,2.84
478,Te Anau,NZ,2021-11-28 01-10-43,-45.4167,167.7167,61.5,46,2,2.93
479,Khadyzhensk,RU,2021-11-28 01-10-43,44.4256,39.5319,54.99,74,100,5.88
480,Zhezkazgan,KZ,2021-11-28 01-10-44,47.8043,67.7144,16.09,83,20,9.69
481,Shenkursk,RU,2021-11-28 01-10-44,62.1091,42.896,19.17,95,100,9.26
482,Naranjal,EC,2021-11-28 01-10-44,-2.6667,-79.6167,76.8,87,99,3.24
483,Kakching,IN,2021-11-28 01-10-45,24.4833,93.9833,56.98,89,10,0.47
484,Morehead,US,2021-11-28 01-10-45,37.2711,-87.1764,44.31,65,1,0.0
485,Samoylovka,RU,2021-11-28 01-10-45,51.184,43.7081,36.79,95,100,14.65
486,Manzhouli,CN,2021-11-28 01-10-46,49.6,117.4333,14.79,92,100,4.65
487,Quelimane,MZ,2021-11-28 01-10-46,-17.8786,36.8883,69.75,88,20,2.3
488,Coihaique,CL,2021-11-28 01-10-47,-45.5752,-72.0662,51.75,50,75,8.05
489,Kutum,SD,2021-11-28 01-10-47,14.2,24.6667,62.51,23,0,7.81
490,La Rioja,ES,2021-11-28 01-10-44,42.25,-2.5,28.18,96,100,12.28
491,Ponta Do Sol,PT,2021-11-28 01-09-24,32.6667,-17.1,63.23,77,23,5.46
492,Nabire,ID,2021-11-28 01-10-48,-3.3667,135.4833,83.95,69,100,3.11
493,Baker City,US,2021-11-28 01-10-48,44.7749,-117.8344,42.51,61,75,9.22
494,Teknaf,BD,2021-11-28 01-10-48,20.8624,92.3058,68.79,65,21,5.86
495,Sarangani,PH,2021-11-28 01-09-15,5.4033,125.4636,83.28,74,100,16.53
496,Havelock,US,2021-11-28 01-10-49,34.8791,-76.9013,39.15,80,1,0.0
497,Arco,IT,2021-11-28 01-10-49,45.9177,10.8867,46.15,99,100,2.35
498,Coquimbo,CL,2021-11-28 01-08-12,-29.9533,-71.3436,58.73,88,0,4.61
499,Severo-Kurilsk,RU,2021-11-28 01-10-50,50.6789,156.125,29.26,65,80,29.59
500,Luneville,FR,2021-11-28 01-10-50,48.6,6.5,37.98,98,100,8.77
501,Maceio,BR,2021-11-28 01-10-50,-9.6658,-35.7353,81.84,78,40,6.91
502,Cabedelo,BR,2021-11-28 01-10-51,-6.9811,-34.8339,81.27,75,36,11.68
503,Hibbing,US,2021-11-28 01-10-51,47.4272,-92.9377,31.5,69,1,10.36
504,Fare,PF,2021-11-28 01-10-52,-16.7,-151.0167,81.25,72,8,16.15
505,Gogrial,SS,2021-11-28 01-10-52,8.5332,28.1004,76.55,31,11,3.49
506,Jiuquan,CN,2021-11-28 01-11-52,39.7432,98.5174,25.66,57,100,1.57
507,Ponta Delgada,PT,2021-11-28 01-11-53,37.7333,-25.6667,59.72,72,75,5.75
508,Buinsk,RU,2021-11-28 01-11-53,54.95,48.2833,29.53,92,100,18.28
509,Saint-Joseph,RE,2021-11-28 01-11-54,-21.3667,55.6167,75.58,86,83,2.64
510,Buraydah,SA,2021-11-28 01-11-54,26.326,43.975,57.54,47,0,7.05
511,Inirida,CO,2021-11-28 01-11-55,3.8653,-67.9239,74.79,93,64,2.89
512,Laguna,US,2021-11-28 01-09-16,38.421,-121.4238,63.1,59,1,3.44
513,Luena,AO,2021-11-28 01-11-55,-11.7833,19.9167,61.93,97,100,1.99
514,Ferrol,ES,2021-11-28 01-09-20,43.4832,-8.2369,48.72,56,73,16.71
515,Aguie,NE,2021-11-28 01-11-56,13.506,7.7786,72.63,15,100,9.35
516,Orange Cove,US,2021-11-28 01-11-56,36.6244,-119.3137,62.26,35,0,1.86
517,Boende,CD,2021-11-28 01-11-57,-0.2167,20.8667,72.05,87,100,1.32
518,Punto Fijo,VE,2021-11-28 01-11-57,11.6956,-70.1996,80.85,78,5,19.24
519,Chernyshevskiy,RU,2021-11-28 01-11-57,63.0128,112.4714,-5.12,98,99,7.27
520,Krasnokamensk,RU,2021-11-28 01-11-58,50.0979,118.0369,15.13,94,100,2.75
521,Kieta,PG,2021-11-28 01-11-58,-6.2167,155.6333,84.61,69,100,5.77
522,Sao Jose Da Coroa Grande,BR,2021-11-28 01-11-58,-8.8978,-35.1478,79.52,74,100,10.96
523,Mitsamiouli,KM,2021-11-28 01-11-59,-11.3847,43.2844,79.43,82,100,10.54
524,Goryachiy Klyuch,RU,2021-11-28 01-11-59,44.6308,39.13,47.82,58,100,15.66
525,Mehamn,NO,2021-11-28 01-11-59,71.0357,27.8492,15.17,87,53,12.28
526,Bahua,IN,2021-11-28 01-12-00,25.85,80.6333,59.99,54,1,4.81
527,Rocha,UY,2021-11-28 01-12-00,-34.4833,-54.3333,62.46,97,100,6.11
528,Ndago,TZ,2021-11-28 01-12-01,-4.6,34.35,67.28,59,42,9.19
529,Kavaratti,IN,2021-11-28 01-12-01,10.5669,72.642,82.65,73,100,11.52
530,Teguise,ES,2021-11-28 01-11-17,29.0605,-13.564,59.22,72,20,9.22
531,Kisangani,CD,2021-11-28 01-12-01,0.5167,25.2,69.57,99,100,2.3
532,Guarapari,BR,2021-11-28 01-12-02,-20.6667,-40.4975,75.09,78,23,6.64
533,Qujing,CN,2021-11-28 01-08-15,25.4833,103.7833,49.12,91,11,6.24
534,Ricse,HU,2021-11-28 01-12-02,48.3256,21.9707,38.88,97,100,5.57
535,Wangou,CN,2021-11-28 01-12-03,42.0623,126.9127,27.09,57,29,5.44
536,Bose,IT,2021-11-28 01-12-03,45.4612,8.0137,36.14,86,89,0.49
537,Opuwo,NA,2021-11-28 01-12-04,-18.0607,13.84,67.78,28,35,3.62
538,Brae,GB,2021-11-28 01-12-04,60.3964,-1.353,31.91,61,100,16.55
539,Rosita,NI,2021-11-28 01-12-04,13.9268,-84.4032,71.65,96,86,3.6
540,Hornepayne,CA,2021-11-28 01-11-57,49.2138,-84.7705,20.8,90,100,4.94
541,Tondon,GN,2021-11-28 01-12-05,10.3667,-13.35,74.26,96,89,1.28
542,Whitianga,NZ,2021-11-28 01-12-05,-36.8333,175.7,71.42,60,82,7.2
543,Nador,MA,2021-11-28 01-10-40,35.174,-2.9287,57.45,47,20,18.41
544,Malayal,PH,2021-11-28 01-12-06,7.208,121.942,80.22,82,100,1.95
545,Gazanjyk,TM,2021-11-28 01-12-06,39.2446,55.5154,45.99,59,0,6.89
546,San Cristobal,VE,2021-11-28 01-12-06,7.7669,-72.225,73.58,93,38,1.39
547,Yerbogachen,RU,2021-11-28 01-12-07,61.2767,108.0108,3.29,95,100,7.45
548,Iqaluit,CA,2021-11-28 01-12-07,63.7506,-68.5145,21.18,90,100,11.7
549,Calbuco,CL,2021-11-28 01-12-07,-41.768,-73.1273,49.21,73,2,9.95
550,Channel-Port Aux Basques,CA,2021-11-28 01-12-08,47.5702,-59.1367,45.21,79,37,25.28
551,Eureka,US,2021-11-28 01-12-08,40.8021,-124.1637,58.39,95,65,4.18
552,Chaupal,IN,2021-11-28 01-12-09,30.95,77.5833,34.97,69,0,3.56
553,Sakaiminato,JP,2021-11-28 01-13-09,35.55,133.2333,53.26,49,13,8.03
554,Tuatapere,NZ,2021-11-28 01-10-32,-46.1333,167.6833,62.38,44,0,5.77
555,Kampong Cham,KH,2021-11-28 01-13-09,11.9934,105.4635,71.85,86,100,9.15
556,Grootfontein,NA,2021-11-28 01-13-10,-19.5667,18.1167,60.37,88,90,1.14
557,Sisimiut,GL,2021-11-28 01-13-10,66.9395,-53.6735,26.46,94,100,10.13
558,Cilegon,ID,2021-11-28 01-13-10,-6.0174,106.0538,82.29,82,100,11.65
559,Playas,EC,2021-11-28 01-13-11,-2.6333,-80.3833,71.87,83,78,10.25
560,Lake City,US,2021-11-28 01-13-11,30.1897,-82.6393,44.35,81,1,0.0
561,Muroto,JP,2021-11-28 01-13-11,33.2833,134.15,52.75,49,0,8.1
562,Mujiayingzi,CN,2021-11-28 01-13-12,42.1167,118.7833,33.89,63,100,7.47
563,Hof,DE,2021-11-28 01-13-12,50.3167,11.9167,31.23,100,75,3.44
564,Cairns,AU,2021-11-28 01-13-13,-16.9167,145.7667,85.95,70,40,10.36
565,Marystown,CA,2021-11-28 01-13-14,47.1666,-55.1483,47.28,87,100,12.5
